,Product
0,256 GB SSD
1,512 GB SSD
2,512 GB SSD
3,512 GB SSD
4,512 GB SSD
5,256 GB SSD
6,1 TB HDD/256 GB SSD
7,512 GB SSD
8,256 GB SSD
9,512 GB SSD
10,512 GB SSD
11,512 GB SSD
12,256 GB SSD
13,512 GB SSD
14,256 GB SSD
15,1 TB SSD
16,1 TB HDD/256 GB SSD
17,512 GB SSD
18,512 GB SSD
19,1 TB SSD
20,256 GB SSD
21,512 GB SSD
22,256 GB HDD/256 GB SSD
23,512 GB SSD
24,512 GB SSD
25,512 GB SSD
26,512 GB SSD
27,1 TB SSD
28,512 GB SSD
29,256 GB SSD
30,512 GB SSD
31,1 TB SSD
32,256 GB SSD
33,512 GB SSD
34,512 GB SSD
35,512 GB SSD
36,512 GB SSD
37,1 TB SSD
38,512 GB SSD
39,512 GB SSD
40,256 GB SSD
41,1 TB SSD
42,512 GB SSD
43,256 GB SSD
44,512 GB SSD
45,512 GB SSD
46,512 GB SSD
47,512 GB SSD
48,256 GB SSD
49,512 GB SSD
50,256 GB SSD
51,512 GB SSD
52,512 GB SSD
53,512 GB SSD
54,512 GB SSD
55,512 GB SSD
56,1 TB SSD
57,512 GB SSD
58,1 TB SSD
59,512 GB SSD
60,1 TB SSD
61,512 GB SSD
62,256 GB SSD
63,512 GB SSD
64,512 GB SSD
65,512 GB SSD
66,1 TB SSD
67,512 GB SSD
68,1 TB SSD
69,512 GB SSD
70,1 TB SSD
71,512 GB SSD
72,256 GB SSD
73,512 GB SSD
74,1 TB HDD/256 GB SSD
75,256 GB SSD
76,512 GB SSD
77,512 GB SSD
78,512 GB SSD
79,512 GB SSD
80,1 TB SSD
81,1 TB SSD
82,1 TB SSD
83,128 GB EMMC
84,512 GB SSD
85,512 GB SSD
86,512 GB SSD
87,1 TB SSD
88,256 GB SSD
89,64 GB EMMC
90,256 GB SSD
91,512 GB SSD
92,1 TB HDD/256 GB SSD
93,512 GB SSD
94,256 GB SSD
95,512 GB SSD
96,64 GB EMMC
97,256 GB SSD
98,256 GB SSD
99,256 GB SSD
100,512 GB SSD
101,512 GB SSD
102,512 GB SSD
103,512 GB SSD
104,512 GB SSD
105,512 GB SSD
106,1 TB SSD
107,512 GB SSD
108,1 TB SSD
109,512 GB SSD
110,512 GB SSD
111,512 GB SSD
112,512 GB SSD
113,1 TB SSD
114,256 GB SSD
115,1 TB SSD
116,512 GB SSD
117,512 GB SSD
118,512 GB SSD
119,1 TB SSD
120,256 GB SSD
121,512 GB SSD
122,512 GB SSD
123,256 GB SSD
124,512 GB SSD
125,512 GB SSD
126,256 GB SSD
127,512 GB SSD
128,512 GB SSD
129,512 GB SSD
130,512 GB SSD
131,512 GB SSD
132,256 GB SSD
133,512 GB SSD
134,512 GB SSD
135,512 GB SSD
136,256 GB SSD
137,512 GB SSD
138,512 GB SSD
139,1 TB SSD
140,512 GB SSD
141,512 GB SSD
142,1 TB HDD
143,1 TB SSD
144,512 GB SSD
145,1 TB HDD/256 GB SSD
146,256 GB SSD
147,512 GB SSD
148,512 GB SSD
149,512 GB SSD
150,512 GB SSD
151,1 TB SSD
152,512 GB SSD
153,1 TB SSD
154,512 GB SSD
155,512 GB SSD
156,512 GB SSD
157,1 TB SSD
158,512 GB SSD
159,1 TB SSD
160,512 GB SSD
161,1 TB SSD
162,1 TB SSD
163,1 TB HDD/256 GB SSD
164,512 GB SSD
165,512 GB SSD
166,1 TB SSD
167,512 GB SSD
168,1 TB SSD
169,128 GB SSD
170,256 GB SSD
171,512 GB SSD
172,1 TB HDD/256 GB SSD
173,512 GB SSD
174,512 GB SSD
175,256 GB SSD
176,512 GB SSD
177,1 TB SSD
178,512 GB SSD
179,512 GB SSD
180,512 GB SSD
181,1 TB SSD
182,512 GB SSD
183,128 GB SSD
184,512 GB SSD
185,512 GB SSD
186,512 GB SSD
187,1 TB SSD
188,512 GB SSD
189,512 GB SSD
190,512 GB SSD
191,1 TB SSD
192,256 GB SSD
193,1 TB SSD
194,512 GB SSD
195,512 GB SSD
196,256 GB SSD
197,512 GB SSD
198,512 GB SSD
199,1 TB HDD
200,512 GB SSD
201,1 TB SSD
202,256 GB SSD
203,512 GB SSD
204,512 GB SSD
205,512 GB SSD
206,512 GB SSD
207,1 TB SSD
208,256 GB SSD
209,512 GB SSD
210,512 GB SSD
211,1 TB SSD
212,1 TB SSD
213,512 GB SSD
214,512 GB SSD
215,512 GB SSD
216,256 GB SSD
217,512 GB SSD
218,512 GB SSD
219,512 GB SSD
220,1 TB SSD
221,512 GB SSD
222,512 GB SSD
223,1 TB SSD
224,512 GB SSD
225,256 GB SSD
226,1 TB SSD
227,512 GB SSD
228,512 GB SSD
229,256 GB SSD
230,1 TB SSD
231,512 GB SSD
232,1 TB SSD
233,256 GB SSD
234,1 TB HDD
235,256 GB SSD
236,1 TB SSD
237,512 GB SSD
238,512 GB SSD
239,512 GB SSD
240,512 GB SSD
241,512 GB SSD
242,1 TB SSD
243,512 GB SSD
244,512 GB SSD
245,512 GB SSD
246,1 TB SSD
247,512 GB SSD
248,512 GB SSD
249,256 GB SSD
250,1 TB SSD
251,512 GB SSD
252,1 TB SSD
253,512 GB SSD
254,512 GB SSD
255,512 GB SSD
256,1 TB SSD
257,256 GB SSD
258,512 GB SSD
259,512 GB SSD
260,1 TB SSD
261,512 GB SSD
262,512 GB SSD
263,256 GB SSD
264,1 TB SSD
265,512 GB SSD
266,512 GB SSD
267,1 TB SSD
268,512 GB SSD
269,512 GB SSD
270,512 GB SSD
271,1 TB SSD
272,256 GB SSD
273,512 GB SSD
274,512 GB SSD
275,1 TB SSD
276,512 GB SSD
277,1 TB SSD
278,1 TB HDD
279,1 TB HDD/256 GB SSD
280,256 GB SSD
281,512 GB SSD
282,512 GB SSD
283,1 TB SSD
284,1 TB SSD
285,512 GB SSD
286,1 TB SSD
287,512 GB SSD
288,512 GB SSD
289,512 GB SSD
290,1 TB SSD
291,256 GB SSD
292,512 GB SSD
293,512 GB SSD
294,256 GB SSD
295,512 GB SSD
296,1 TB SSD
297,512 GB SSD
298,512 GB SSD
299,512 GB SSD
300,512 GB SSD
301,512 GB SSD
302,512 GB SSD
303,512 GB SSD
304,512 GB SSD
305,1 TB SSD
306,512 GB SSD
307,1 TB SSD
308,512 GB SSD
309,1 TB HDD/256 GB SSD
310,256 GB SSD
311,1 TB SSD
312,256 GB SSD
313,512 GB SSD
314,512 GB SSD
315,512 GB SSD
316,512 GB SSD
317,512 GB SSD
318,512 GB SSD
319,512 GB SSD
320,1 TB SSD
321,512 GB SSD
322,1 TB HDD/256 GB SSD
323,256 GB SSD
324,1 TB SSD
325,512 GB SSD
326,1 TB SSD
327,512 GB SSD
328,512 GB SSD
329,1 TB SSD
330,1 TB SSD
331,256 GB SSD
332,512 GB SSD
333,512 GB SSD
334,512 GB SSD
335,1 TB HDD/256 GB SSD
336,256 GB SSD
337,512 GB SSD
338,512 GB SSD
339,512 GB SSD
340,1 TB SSD
341,512 GB SSD
342,512 GB SSD
343,1 TB HDD
344,512 GB SSD
345,32 GB EMMC
346,1 TB SSD
347,512 GB SSD
348,1 TB SSD
349,512 GB SSD
350,1 TB SSD
351,512 GB SSD
352,1 TB SSD
353,256 GB SSD
354,512 GB SSD
355,512 GB SSD
356,1 TB SSD
357,512 GB SSD
358,256 GB SSD
359,256 GB SSD
360,256 GB SSD
361,512 GB SSD
362,256 GB SSD
363,1 TB SSD
364,1 TB SSD
365,1 TB SSD
366,512 GB SSD
367,1 TB SSD
368,512 GB SSD
369,512 GB SSD
370,512 GB SSD
371,1 TB SSD
372,256 GB SSD
373,256 GB SSD
374,512 GB SSD
375,1 TB SSD
376,512 GB SSD
377,1 TB SSD
378,256 GB SSD
379,512 GB SSD
380,512 GB SSD
381,1 TB SSD
382,256 GB SSD
383,1 TB SSD
384,256 GB SSD
385,512 GB SSD
386,512 GB SSD
387,256 GB SSD
388,1 TB HDD/256 GB SSD
389,256 GB SSD
390,512 GB SSD
391,512 GB SSD
392,512 GB SSD
393,1 TB HDD
394,512 GB SSD
395,512 GB SSD
396,512 GB SSD
397,1 TB SSD
398,512 GB SSD
399,512 GB SSD
400,512 GB SSD
401,512 GB SSD
402,256 GB SSD
403,1 TB SSD
404,512 GB SSD
405,1 TB HDD/512 GB SSD
406,512 GB SSD
407,1 TB SSD
408,512 GB SSD
409,512 GB SSD
410,256 GB SSD
411,512 GB SSD
412,1 TB HDD/256 GB SSD
413,1 TB SSD
414,1 TB SSD
415,1 TB SSD
416,512 GB SSD
417,1 TB SSD
418,256 GB SSD
419,256 GB SSD
420,512 GB SSD
421,1 TB SSD
422,512 GB SSD
423,512 GB SSD
424,1 TB SSD
425,1 TB SSD
426,512 GB SSD
427,1 TB SSD
428,256 GB SSD
429,512 GB SSD
430,512 GB SSD
431,1 TB SSD
432,512 GB SSD
433,512 GB SSD
434,256 GB SSD
435,512 GB SSD
436,256 GB SSD
437,512 GB SSD
438,1 TB HDD/128 GB SSD
439,1 TB SSD
440,512 GB SSD
441,1 TB SSD
442,512 GB SSD
443,512 GB SSD
444,512 GB SSD
445,512 GB SSD
446,512 GB SSD
447,1 TB SSD
448,512 GB SSD
449,256 GB SSD
450,512 GB SSD
451,1 TB SSD
452,512 GB SSD
453,512 GB SSD
454,256 GB SSD
455,512 GB SSD
456,256 GB SSD
457,512 GB SSD
458,512 GB SSD
459,1 TB HDD/256 GB SSD
460,512 GB SSD
461,1 TB SSD
462,1 TB SSD
463,1 TB HDD
464,2 TB SSD
465,512 GB SSD
466,512 GB SSD
467,1 TB SSD
468,1 TB HDD/256 GB SSD
469,1 TB HDD
470,512 GB SSD
471,1 TB SSD
472,512 GB SSD
473,512 GB SSD
474,512 GB SSD
475,256 GB SSD
476,512 GB SSD
477,1 TB SSD
478,512 GB SSD
479,128 GB SSD
480,256 GB SSD
481,512 GB SSD
482,512 GB SSD
483,512 GB SSD
484,512 GB SSD
485,512 GB SSD
486,1 TB SSD
487,512 GB SSD
488,1 TB HDD
489,256 GB SSD
490,1 TB SSD
491,512 GB SSD
492,256 GB SSD
493,256 GB SSD
494,128 GB SSD
495,512 GB SSD
496,1 TB SSD
497,512 GB SSD
498,512 GB SSD
499,512 GB SSD
500,512 GB SSD
501,1 TB SSD
502,1 TB HDD/256 GB SSD
503,1 TB SSD
504,512 GB SSD
505,512 GB SSD
506,256 GB SSD
507,512 GB SSD
508,1 TB HDD
509,64 GB EMMC
510,1 TB SSD
511,512 GB SSD
512,1 TB HDD
513,1 TB SSD
514,256 GB SSD
515,512 GB SSD
516,1 TB SSD
517,512 GB SSD
518,512 GB SSD
519,128 GB SSD
520,1 TB SSD
521,512 GB SSD
522,1 TB HDD/256 GB SSD
523,1 TB SSD
524,512 GB SSD
525,512 GB SSD
526,1 TB SSD
527,512 GB SSD
528,1 TB SSD
529,1 TB HDD/256 GB SSD
530,512 GB SSD
531,1 TB SSD
532,512 GB SSD
533,1 TB SSD
534,1 TB SSD
535,128 GB SSD
536,512 GB SSD
537,1 TB SSD
538,1 TB HDD
539,512 GB SSD
540,512 GB SSD
541,1 TB SSD
542,512 GB SSD
543,1 TB SSD
544,64 GB EMMC
545,256 GB SSD
546,256 GB SSD
547,512 GB SSD
548,1 TB SSD
549,1 TB HDD/256 GB SSD
550,1 TB SSD
551,512 GB SSD
552,1 TB HDD/256 GB SSD
553,1 TB SSD
554,512 GB SSD
555,256 GB SSD
556,256 GB SSD
557,512 GB SSD
558,512 GB SSD
559,64 GB EMMC
560,512 GB SSD
561,1 TB SSD
562,512 GB SSD
563,512 GB SSD
564,1 TB SSD
565,2 TB SSD
566,512 GB SSD
567,1 TB SSD
568,1 TB SSD
569,256 GB SSD
570,512 GB SSD
571,1 TB SSD
572,512 GB SSD
573,512 GB SSD
574,512 GB SSD
575,1 TB HDD
576,256 GB SSD
577,2 TB SSD
578,1 TB SSD
579,512 GB SSD
580,1 TB HDD
581,512 GB SSD
582,1 TB HDD/512 GB SSD
583,512 GB SSD
584,512 GB SSD
585,1 TB HDD/256 GB SSD
586,512 GB SSD
587,1 TB SSD
588,512 GB SSD
589,512 GB SSD
590,1 TB SSD
591,1 TB SSD
592,512 GB SSD
593,512 GB SSD
594,512 GB SSD
595,512 GB SSD
596,512 GB SSD
597,2 TB SSD
598,1 TB HDD/256 GB SSD
599,1 TB SSD
600,256 GB SSD
601,512 GB SSD
602,2 TB SSD
603,1 TB SSD
604,512 GB SSD
605,1 TB SSD
606,512 GB SSD
607,1 TB SSD
608,512 GB SSD
609,512 GB SSD
610,512 GB SSD
611,1 TB SSD
612,1 TB HDD/256 GB SSD
613,1 TB SSD
614,2 TB SSD
615,1 TB SSD
616,512 GB SSD
617,1 TB SSD
618,256 GB SSD
619,1 TB SSD
620,512 GB SSD
621,1 TB SSD
622,1 TB HDD/256 GB SSD
623,512 GB SSD
624,1 TB HDD/256 GB SSD
625,1 TB SSD
626,256 GB SSD
627,512 GB SSD
628,1 TB SSD
629,512 GB SSD
630,512 GB SSD
631,1 TB SSD
632,128 GB EMMC
633,512 GB SSD
634,512 GB SSD
635,256 GB SSD
636,512 GB SSD
637,1 TB SSD
638,256 GB SSD
639,256 GB SSD
640,512 GB SSD
641,1 TB SSD
642,512 GB SSD
643,1 TB SSD
644,1 TB HDD/128 GB SSD
645,512 GB SSD
646,1 TB SSD
647,512 GB SSD
648,512 GB SSD
649,1 TB SSD
650,256 GB SSD
651,512 GB SSD
652,1 TB SSD
653,512 GB SSD
654,512 GB SSD
655,1 TB SSD
656,512 GB SSD
657,1 TB SSD
658,512 GB SSD
659,512 GB SSD
660,512 GB SSD
661,1 TB SSD
662,256 GB SSD
663,512 GB SSD
664,1 TB SSD
665,1 TB SSD
666,512 GB SSD
667,1 TB SSD
668,1 TB HDD
669,512 GB SSD
670,512 GB SSD
671,1 TB SSD
672,1 TB HDD
673,256 GB SSD
674,512 GB SSD
675,256 GB SSD
676,512 GB SSD
677,512 GB SSD
678,1 TB SSD
679,512 GB SSD
680,1 TB SSD
681,512 GB SSD
682,512 GB SSD
683,512 GB SSD
684,512 GB SSD
685,512 GB SSD
686,1 TB SSD
687,512 GB SSD
688,1 TB SSD
689,512 GB SSD
690,1 TB SSD
691,256 GB SSD
692,512 GB SSD
693,512 GB SSD
694,1 TB SSD
695,64 GB EMMC
696,256 GB SSD
697,512 GB SSD
698,512 GB SSD
699,1 TB SSD
700,512 GB SSD
701,1 TB SSD
702,512 GB SSD
703,1 TB SSD
704,512 GB SSD
705,1 TB SSD
706,512 GB SSD
707,1 TB SSD
708,1 TB HDD
709,1 TB SSD
710,512 GB SSD
711,1 TB SSD
712,2 TB SSD
713,512 GB SSD
714,512 GB SSD
715,64 GB EMMC
716,512 GB SSD
717,1 TB SSD
718,512 GB SSD
719,1 TB HDD/256 GB SSD
